{"cameraMode":{"drawMode":0,"name":"Shaded","section":"Shading Mode"},"sceneLighting":true,"audioPlay":false,"sceneViewState":{"showFog":true,"showMaterialUpdate":false,"showSkybox":true,"showFlares":true,"showImageEffects":true,"showParticleSystems":true,"showVisualEffectGraphs":true,"m_FxEnabled":true},"in2DMode":false,"pivot":{"x":256.8916931152344,"y":190.51817321777345,"z":-119.01387023925781},"rotation":{"x":0.04407450929284096,"y":-0.00957645382732153,"z":-0.00043441043817438185,"w":-0.9990135431289673},"size":185.81365966796876,"orthographic":false}